date_listed,sqft,bedrooms,bathrooms,age_years,distance_km,renovated,lot_size_sqft,school_rating,price
2024-02-01,1824,3,2,37.8,2.29,1,4648,10,519858
2024-02-01,1538,3,2,3.9,8.62,0,4823,8,445929
2024-02-02,1891,3,2,28.7,2.84,0,2929,10,549556
2024-02-02,2285,3,2,120.0,2.66,1,4490,10,372698
2024-02-02,1495,2,2,23.2,1.09,0,2124,10,480494
2024-02-02,1495,2,2,4.0,3.19,0,3445,9,479192
2024-02-03,2311,4,3,47.2,2.8,0,6259,8,580775
2024-02-03,1945,3,3,15.8,0.55,0,2870,10,570062
2024-02-03,1389,3,2,76.1,4.18,1,1709,9,340233
2024-02-04,1844,2,1,19.3,12.54,0,3362,7,489138
2024-02-05,1391,3,2,35.5,1.31,1,2303,10,484316
2024-02-05,1390,2,1,32.8,4.87,1,3394,9,352013
2024-02-06,1709,3,3,20.0,4.1,0,4815,8,480005
2024-02-06,739,1,1,45.2,7.84,1,2274,10,176965
2024-02-07,824,2,1,24.0,8.25,1,1627,7,238889
2024-02-10,1347,2,1,74.6,18.85,1,2165,5,115101
2024-02-10,1144,1,1,48.3,6.01,1,2336,10,320278
2024-02-10,1741,2,1,18.6,2.49,1,3448,10,488638
2024-02-11,1191,2,1,69.1,3.11,0,2834,9,268297
2024-02-11,964,2,1,20.1,3.39,0,3252,10,302305
2024-02-11,2260,3,3,83.0,2.9,1,6577,8,514777
2024-02-12,1498,2,2,71.6,14.62,1,4366,6,249809
2024-02-12,1630,2,1,31.2,7.98,0,2311,10,408303
2024-02-13,959,2,2,5.6,7.1,0,3400,9,301252
2024-02-13,1355,3,2,29.4,1.93,0,3832,10,423680
2024-02-14,1650,3,2,9.2,8.19,0,5338,10,552191
2024-02-14,1082,2,1,15.0,10.62,0,1699,5,304130
2024-02-14,1769,3,3,15.9,4.16,0,6017,8,548727
2024-02-15,1330,2,2,9.1,3.08,0,4263,10,379047
2024-02-15,1469,2,2,29.5,13.14,0,4351,5,371647
2024-02-16,1329,2,1,13.5,2.75,0,2374,8,421869
2024-02-16,2434,3,3,20.8,2.51,0,7233,10,699267
2024-02-17,1594,2,1,16.1,2.15,0,4812,9,463705
2024-02-19,1124,2,2,35.6,4.69,0,2963,10,327986
2024-02-19,1970,3,2,33.8,6.0,1,4761,9,572483
2024-02-19,1051,2,1,19.5,9.66,0,3194,7,338709
2024-02-20,1694,2,1,36.9,7.33,0,3757,7,413595
2024-02-20,718,1,1,57.1,7.25,0,2155,9,108785
2024-02-21,1002,2,1,2.5,11.73,0,2155,9,267793
2024-02-21,1689,3,3,15.3,2.06,0,5762,9,567779
2024-02-21,1932,4,3,10.9,1.23,0,3038,10,576254
2024-02-22,1677,2,2,14.2,7.59,0,3801,7,467231
2024-02-23,1548,3,3,1.9,4.52,0,4262,8,494868
2024-02-23,1465,2,2,2.3,9.69,0,4832,8,381753
2024-02-23,935,1,1,16.5,4.85,0,2513,10,321663
2024-02-24,1276,2,1,16.1,2.99,0,4442,10,416895
2024-02-24,1393,2,1,62.7,7.66,0,5214,6,213948
2024-02-25,2076,2,2,27.8,5.32,1,3360,8,581320
2024-02-25,1755,3,2,36.2,4.85,0,3171,8,484136
2024-02-25,807,2,1,120.0,21.13,1,1277,5,50000
2024-02-26,1746,2,1,75.5,11.13,1,3405,8,333727
2024-02-26,1427,2,1,24.1,8.35,0,4330,10,437237
2024-02-26,1295,2,2,17.7,5.45,0,4451,9,388885
2024-02-26,1875,3,2,15.5,5.1,0,5720,10,530150
2024-02-27,2064,3,3,31.9,3.91,0,3669,8,524441
2024-02-29,2019,3,2,17.8,5.86,0,3257,7,506096
2024-02-29,1222,2,1,8.9,3.34,0,2537,10,346448
2024-03-01,1461,3,2,16.0,1.66,0,4023,10,481526
2024-03-01,1749,3,2,32.6,4.81,0,3265,8,463846
2024-03-01,2039,3,2,40.8,6.21,1,7274,9,556970
2024-03-02,1384,2,2,80.6,9.7,1,4584,9,221077
2024-03-02,1516,1,1,26.9,2.52,0,3981,10,370038
2024-03-02,1102,2,2,59.4,5.13,1,3774,8,252508
2024-03-03,1062,1,1,21.4,7.29,0,2732,8,369039
2024-03-03,1966,3,2,23.8,7.18,0,5597,9,523313
2024-03-03,2210,3,3,22.8,14.14,0,5445,7,556229
2024-03-03,1568,2,1,29.4,3.98,0,1908,10,417304
2024-03-04,2052,4,3,45.9,2.33,0,6819,9,639363
2024-03-06,1763,2,1,17.2,5.39,0,3555,8,394903
2024-03-06,1310,2,1,11.4,4.14,0,3396,10,394900
2024-03-06,1763,2,2,48.4,3.58,1,3470,9,392824
2024-03-07,2292,4,3,46.1,3.2,0,3564,10,503015
2024-03-07,1584,2,2,65.7,6.23,0,2493,9,315757
2024-03-08,2304,3,3,15.0,2.84,0,5639,10,686971
2024-03-09,450,1,1,20.8,8.35,0,1212,8,125841
2024-03-09,1970,3,3,49.7,8.08,0,4575,5,492975
2024-03-11,1639,2,1,17.0,6.64,0,4691,7,433267
2024-03-12,1465,2,2,39.6,2.05,1,4301,10,428783
2024-03-13,1641,3,2,21.5,6.03,0,4496,6,511832
2024-03-14,706,1,1,31.8,10.14,0,2177,8,155148
2024-03-15,1501,2,1,8.7,8.76,0,5475,9,428582
2024-03-18,1761,2,1,26.7,7.94,0,4259,9,360997
2024-03-18,2265,3,3,56.4,5.08,1,5079,10,591479
2024-03-18,1367,3,3,43.3,4.91,0,1839,10,394533
2024-03-19,1236,2,1,10.8,11.25,0,2182,10,298821
2024-03-19,1374,2,1,76.4,6.16,0,1179,10,274392
2024-03-19,2012,3,3,54.1,6.22,0,5129,9,469909
2024-03-19,1748,3,3,9.1,25.06,1,3502,5,518424
2024-03-22,1362,2,2,16.1,3.91,0,2756,9,319035
2024-03-22,1831,3,3,9.6,0.49,0,6456,10,599761
2024-03-23,1644,2,2,32.5,4.37,0,3282,10,452357
2024-03-23,2036,3,3,15.5,4.57,0,3706,10,587912
2024-03-23,1284,2,1,3.2,6.09,0,2679,8,362613
2024-03-23,1453,2,1,23.7,7.13,0,3626,10,393595
2024-03-23,1424,2,2,47.1,0.61,0,1788,10,436756
2024-03-24,941,1,1,27.1,7.23,1,2481,7,206174
2024-03-24,1733,3,2,37.1,4.78,1,4194,9,457300
2024-03-24,1717,1,1,29.1,4.05,0,4815,8,379962
2024-03-24,1602,3,3,42.0,1.02,1,3999,10,454460
2024-03-25,1494,2,1,31.0,12.82,0,4732,6,349687
2024-03-27,963,2,1,22.7,3.55,1,1116,9,349419
2024-03-27,1411,1,1,26.9,8.01,0,2882,10,399470
2024-03-28,1446,3,2,67.4,2.49,1,2411,9,398481
2024-03-28,1239,2,1,38.6,6.29,0,2042,9,343296
2024-03-28,1527,3,2,10.7,4.1,0,3876,8,412379
2024-03-29,1782,2,1,26.5,7.85,0,3484,9,511361
2024-03-30,2449,4,4,32.0,3.99,1,6059,10,711969
2024-03-31,1679,2,1,22.1,2.39,1,4609,9,529384
2024-03-31,1716,2,2,3.3,4.95,0,3845,9,447577
2024-04-01,1566,3,3,11.8,4.76,0,4747,10,497220
2024-04-02,737,1,1,17.8,5.99,0,1654,8,264158
2024-04-02,1588,2,2,82.3,9.5,1,3303,9,311018
2024-04-02,1627,3,2,35.6,1.93,0,4055,10,436863
2024-04-02,2708,4,4,5.4,9.18,0,3967,7,824294
2024-04-03,1513,2,1,23.2,1.67,1,2287,10,407438
2024-04-03,1736,3,3,60.5,7.64,1,3229,8,440916
2024-04-03,1584,3,3,15.3,7.8,0,6408,10,516900
2024-04-03,1074,2,1,51.0,3.4,0,3422,9,349813
2024-04-04,2114,3,2,5.6,2.6,0,2960,10,599838
2024-04-04,1938,3,3,0.5,2.48,0,6251,10,601889
2024-04-06,1956,3,3,56.2,5.3,0,5208,8,466417
2024-04-08,1191,2,1,17.1,8.15,0,2997,8,341188
2024-04-08,2231,4,4,18.2,4.47,1,6375,10,727975
2024-04-09,969,1,1,28.9,0.42,1,2159,10,363700
2024-04-09,1864,3,3,34.7,3.22,0,2844,9,564974
2024-04-10,2586,3,2,1.1,3.12,0,6556,8,688530
2024-04-13,1154,2,2,14.3,7.1,0,3219,10,398553
2024-04-13,1345,2,1,26.2,7.35,1,3073,8,379806
2024-04-15,1645,2,1,34.7,5.6,1,4319,10,474069
2024-04-15,1373,2,1,10.6,9.19,0,4307,7,403072
2024-04-17,902,1,1,21.2,9.65,0,3177,9,306019
2024-04-17,1631,3,2,15.3,3.37,0,5007,10,485183
2024-04-19,1122,2,1,29.6,2.43,0,3775,9,308168
2024-04-19,1813,3,3,54.8,4.71,1,5406,8,506928
2024-04-21,1186,2,1,19.0,5.59,0,1504,8,387425
2024-04-22,2297,4,3,6.7,3.24,0,4052,9,690403
2024-04-22,1248,2,1,13.6,28.89,0,3125,6,281090
2024-04-23,1455,1,1,75.9,12.33,0,4846,8,246671
2024-04-23,1966,3,2,11.8,3.0,0,4950,8,558913
2024-04-24,1046,2,1,8.2,2.01,1,2904,9,398561
2024-04-24,1702,2,1,18.1,2.8,0,1762,9,451500
2024-04-24,2188,4,3,23.2,9.76,0,4239,5,593704
2024-04-25,877,1,1,16.1,9.92,0,2890,8,202532
2024-04-25,1683,2,1,5.6,12.43,0,4011,8,428248
2024-04-27,1717,2,1,31.8,2.37,0,3501,9,494206
2024-04-28,1952,3,2,29.6,7.08,0,3552,9,552513
2024-05-01,1043,1,1,41.0,2.57,1,2355,10,326130
2024-05-01,1006,1,1,29.1,14.18,1,2802,7,253391
2024-05-02,1835,3,3,71.8,2.44,1,4496,10,477878
2024-05-02,1734,2,1,43.2,1.61,1,4125,10,407807
2024-05-02,1713,2,2,37.3,1.91,1,2658,8,472583
2024-05-02,1756,1,1,56.2,4.96,0,5777,9,383677
2024-05-04,1294,2,1,27.8,8.07,0,2940,10,299469
2024-05-04,1705,2,2,21.6,7.72,0,5172,9,384767
2024-05-05,1732,3,2,31.5,1.98,0,4888,10,548865
2024-05-05,1279,2,1,3.1,3.69,0,2858,9,402794
2024-05-05,2440,3,3,27.9,3.31,0,7282,10,680449
2024-05-06,1813,4,4,23.2,1.73,0,4235,9,612953
2024-05-06,1064,2,1,34.0,3.25,0,2959,10,271620
2024-05-06,1895,3,2,51.1,12.09,1,3382,7,429349
2024-05-06,1161,1,1,38.1,1.51,0,4292,9,368533
2024-05-06,1954,4,3,13.7,5.86,0,5874,9,568587
2024-05-06,2121,2,2,45.5,12.27,0,3894,7,454267
2024-05-07,1231,1,1,72.5,11.86,0,2065,7,150732
2024-05-07,2034,3,2,52.0,14.61,1,6294,8,432284
2024-05-07,1786,4,3,7.4,6.28,0,5654,8,607085
2024-05-07,1970,4,3,37.8,6.94,0,5948,9,430276
2024-05-08,2454,4,3,8.6,3.3,0,5981,10,699742
2024-05-08,1490,2,2,19.9,1.48,0,4588,10,466113
2024-05-08,1261,2,2,33.3,4.47,0,2383,10,435941
2024-05-08,1200,2,2,30.2,10.56,0,2555,7,268988
2024-05-09,1233,2,1,51.3,0.41,0,3239,10,270216
2024-05-09,1565,2,2,72.7,3.42,1,5296,10,331967
2024-05-10,1754,2,2,35.8,7.41,0,4438,10,481990
2024-05-10,1725,2,2,18.7,5.01,0,4323,7,479665
2024-05-10,1972,3,2,3.3,11.44,0,5297,8,472600
2024-05-11,1606,1,1,60.2,9.85,1,4100,9,337150
2024-05-11,2254,3,2,23.3,1.3,0,7163,9,697384
2024-05-11,1481,2,1,24.3,5.33,0,5117,8,405657
2024-05-12,2824,3,2,25.8,2.68,0,4315,9,739464
2024-05-12,1882,3,2,34.6,2.65,0,7462,8,520876
2024-05-12,1214,2,1,35.3,1.41,0,3100,10,364434
2024-05-12,1118,2,2,20.2,5.99,1,3581,10,329416
2024-05-13,1817,2,1,23.1,11.59,0,4724,7,419184
2024-05-13,1499,2,1,15.0,6.38,0,4598,8,401673
2024-05-13,1921,3,3,13.6,1.32,0,2954,10,574897
2024-05-13,1813,2,2,13.6,4.8,1,3578,7,556993
2024-05-14,1567,2,2,22.9,7.21,0,5771,8,400432
2024-05-14,1219,2,2,11.3,4.54,0,2792,9,378831
2024-05-15,918,1,1,0.4,6.29,0,1598,8,247105
2024-05-15,1399,2,2,18.4,2.87,0,4084,10,448640
2024-05-15,1985,2,1,7.9,4.14,0,5990,8,577623
2024-05-15,1696,2,1,27.2,3.94,0,3251,10,436294
2024-05-15,1039,2,1,15.0,13.0,1,3440,9,338386
2024-05-15,1678,2,1,34.9,2.02,1,4711,10,460625
2024-05-15,1773,3,2,8.6,0.49,0,4636,10,444399
2024-05-15,1202,2,2,4.1,12.46,0,4136,8,352318
2024-05-16,1669,3,3,23.2,5.46,0,3745,8,487833
2024-05-16,1626,2,1,17.8,1.65,0,2624,7,455028
2024-05-16,1086,2,1,7.2,9.28,0,1641,7,324391
2024-05-16,1761,3,3,43.2,7.52,0,4434,8,433780
2024-05-17,1852,2,2,10.2,14.39,0,5527,6,527133
2024-05-17,2087,3,2,13.1,5.78,0,6009,8,573938
2024-05-18,2074,3,3,49.0,21.16,0,6791,6,426118
2024-05-18,980,1,1,36.4,4.57,1,2298,9,311198
2024-05-19,1178,2,1,9.1,7.53,0,3391,10,356393
2024-05-20,1832,2,2,19.1,8.29,0,3668,9,603858
2024-05-21,1831,2,1,8.2,3.53,0,2654,10,505655
2024-05-21,1832,2,1,46.6,3.44,0,6024,8,448286
2024-05-22,3334,6,4,46.6,8.41,0,5288,7,804550
2024-05-22,1857,2,2,79.8,1.51,1,3292,9,453900
2024-05-23,2111,3,2,100.3,2.66,1,6396,9,430705
2024-05-23,2029,3,2,14.8,4.47,0,4561,9,558262
2024-05-24,1893,3,2,41.5,14.1,0,5579,6,389475
2024-05-24,1458,2,2,3.4,8.41,0,2597,9,380852
2024-05-25,1942,3,2,28.8,5.3,0,1520,8,540106
2024-05-25,1252,1,1,34.2,3.27,1,2565,9,295913
2024-05-25,1493,2,2,10.7,17.81,0,4425,6,422037
2024-05-26,1382,2,1,14.0,4.78,0,2606,10,352995
2024-05-27,1637,3,2,46.8,2.66,1,4364,10,459982
2024-05-29,2642,3,2,34.8,20.02,0,8733,8,534543
2024-05-29,760,1,1,73.2,1.58,0,2219,8,136458
2024-05-29,1909,3,2,67.6,11.83,1,4353,7,412107
2024-05-30,874,1,1,4.7,5.06,0,1963,8,301603
2024-05-30,1388,2,2,16.2,8.4,1,4347,9,361826
2024-05-30,2090,3,2,9.7,7.39,0,6437,9,544209
2024-05-31,1629,2,1,42.7,8.32,1,5589,8,438952
2024-05-31,1115,2,1,30.9,21.19,0,2052,5,232741
2024-06-01,1278,2,1,10.3,19.14,0,3724,5,187929
2024-06-01,1906,4,3,11.9,2.78,0,4468,6,601038
2024-06-02,1271,2,1,57.8,7.19,0,3161,7,222403
2024-06-02,1697,2,1,17.7,0.89,0,2591,10,459339
2024-06-03,1621,2,1,2.7,8.94,0,3846,10,441180
2024-06-03,1307,3,3,9.5,10.4,0,2731,10,490278
2024-06-03,2565,3,3,83.3,0.5,0,2956,10,525291
2024-06-04,1885,4,4,50.0,4.92,1,5827,8,487101
2024-06-04,689,2,2,7.7,8.39,0,1171,7,273046
2024-06-06,1684,2,1,28.8,6.49,0,5379,7,416380
2024-06-06,1302,2,2,47.9,1.61,1,2993,9,427910
2024-06-06,1984,4,3,4.6,1.79,0,3610,10,621404
2024-06-06,1243,2,2,51.6,4.48,1,2962,8,386523
2024-06-07,1548,2,2,34.6,3.53,1,3085,10,455357
2024-06-07,1827,2,2,13.3,3.81,0,4332,10,550268
2024-06-07,1990,2,2,38.6,1.4,0,2916,9,595475
2024-06-09,1060,1,1,31.2,5.12,0,2395,7,266400
2024-06-11,1449,1,1,32.8,14.17,0,2501,9,358335
2024-06-11,1386,2,1,28.0,1.68,0,3635,10,371938
2024-06-11,1306,1,1,11.5,4.2,0,3382,10,389311
2024-06-11,2394,4,3,13.6,7.75,0,3608,9,602627
2024-06-11,1782,2,2,20.7,1.07,1,4660,10,520602
2024-06-11,1033,2,2,25.9,5.16,1,1899,8,303825
2024-06-11,2013,3,2,40.2,10.19,0,5416,7,538559
2024-06-12,2555,3,3,84.6,2.05,1,5230,8,665365
2024-06-12,2065,3,3,29.8,5.55,0,4725,7,544008
2024-06-12,916,2,2,39.7,9.69,1,1960,9,245138
2024-06-12,1382,1,1,46.2,20.49,0,4742,6,169956
2024-06-12,2170,4,3,41.7,5.33,1,5139,8,617026
2024-06-13,1282,2,2,11.1,2.71,0,3407,9,391882
2024-06-15,1800,2,2,61.5,2.73,1,3533,9,421005
2024-06-15,1949,3,2,55.2,1.31,1,5952,10,594962
2024-06-16,1183,2,1,27.7,14.93,0,3881,7,258803
2024-06-16,1573,2,2,11.8,9.29,0,3556,7,456732
2024-06-18,450,1,1,25.6,1.79,0,1175,10,190247
2024-06-18,1139,1,1,5.3,2.58,0,2021,10,310084
2024-06-19,1486,2,2,66.9,5.27,1,3784,10,280572
2024-06-19,1038,1,1,14.7,10.14,0,3985,9,301313
2024-06-20,2335,3,2,19.8,7.21,0,4239,10,703449
2024-06-20,956,1,1,63.8,6.72,1,2504,7,205339
2024-06-20,1402,2,1,58.8,5.82,0,2673,10,337480
2024-06-22,1659,3,2,32.1,1.89,0,2593,10,444110
2024-06-24,2249,4,3,73.5,5.32,1,4795,10,602602
2024-06-24,954,2,1,10.8,4.85,0,3589,9,352467
2024-06-26,2123,2,2,32.1,1.29,1,3685,8,548768
2024-06-26,1605,2,1,10.9,14.68,0,3203,7,413074
2024-06-27,1158,2,2,53.0,3.05,1,3315,10,265678
2024-06-28,1808,3,2,51.7,1.33,1,3848,8,521090
2024-06-28,1690,4,3,77.0,3.49,1,2859,9,406470
2024-06-28,1330,2,2,25.0,4.07,0,2648,8,340247
2024-06-29,1631,2,2,91.1,4.74,1,4323,9,334995
2024-07-01,1427,2,1,10.0,4.01,0,3736,8,340971
2024-07-01,1651,2,1,24.0,4.94,0,2616,7,442479
2024-07-01,1898,3,2,10.4,5.6,0,5749,9,496555
2024-07-02,2314,4,3,29.0,5.39,0,6116,8,570994
2024-07-02,1043,2,2,11.3,6.68,0,2351,8,342278
2024-07-03,2560,3,2,53.0,6.97,0,5884,8,581621
2024-07-04,722,1,1,35.4,7.1,0,1741,10,250948
2024-07-05,1532,1,1,9.3,8.39,0,3922,9,349826
2024-07-07,1865,3,3,44.9,2.77,0,2448,10,578958
2024-07-07,1726,2,2,70.2,2.86,1,2789,8,351943
2024-07-07,1320,1,1,37.8,10.17,0,4282,9,335496
2024-07-08,1506,2,2,6.8,3.58,0,2577,9,512109
2024-07-09,1378,3,2,22.2,4.53,0,2644,8,432063
2024-07-09,1335,2,1,41.3,4.23,1,4290,10,337951
2024-07-10,1982,3,3,20.6,20.01,0,6115,7,415165
2024-07-10,1761,3,3,9.9,2.37,0,4002,10,477573
2024-07-11,1288,2,2,57.2,2.33,0,3767,8,396161
2024-07-12,2005,3,2,19.9,4.96,0,2965,7,533562
2024-07-12,1738,2,1,70.2,4.32,1,5339,9,331286
2024-07-13,1966,3,3,16.2,1.78,0,4719,9,542015
2024-07-13,1883,3,2,19.0,4.65,0,5688,10,548090
2024-07-13,1227,1,1,15.2,5.06,0,4473,10,337299
2024-07-13,1348,2,1,21.9,3.29,0,4417,9,308442
2024-07-14,1936,3,3,35.0,4.44,0,5933,10,583914
2024-07-15,1875,2,1,10.4,2.58,0,5218,10,540763
2024-07-15,1591,3,2,8.7,1.78,1,2682,9,608385
2024-07-16,1653,2,2,4.5,3.56,0,4535,9,549212
2024-07-16,2175,3,2,3.9,2.05,0,6399,10,492673
2024-07-16,1334,2,1,6.9,1.46,0,3956,10,481079
2024-07-16,1846,3,2,16.1,0.71,0,3397,10,612136
2024-07-17,1509,2,1,28.6,5.9,0,4851,8,358449
2024-07-18,1502,2,1,33.6,3.46,0,4997,10,383076
2024-07-18,2094,3,2,27.6,10.21,1,7553,8,573055
2024-07-19,1971,4,4,64.9,3.7,1,6589,10,502460
2024-07-20,1966,3,2,78.9,5.87,1,4207,9,422638
2024-07-20,2187,3,3,20.0,2.92,0,3503,8,670746
2024-07-21,1609,2,1,10.6,4.84,1,3337,10,504174
2024-07-22,1907,2,1,94.7,0.72,1,4325,9,332957
2024-07-22,1460,2,1,55.9,3.52,0,3737,10,385718
2024-07-23,1746,2,1,53.1,2.39,0,5717,10,428797
2024-07-23,1541,2,2,15.6,9.51,0,5358,8,434206
2024-07-24,1644,2,1,45.7,5.6,0,4350,9,366903
2024-07-24,1868,3,2,27.8,8.62,1,2502,6,503474
2024-07-25,1232,2,2,23.6,10.97,0,2692,7,300132
2024-07-26,2542,4,4,23.6,3.29,0,4085,10,639989
2024-07-26,1147,2,2,36.1,5.43,1,2586,9,341232
2024-07-26,1054,1,1,66.3,1.88,0,3145,10,219301
2024-07-27,2121,3,3,99.8,6.53,1,4176,7,417888
2024-07-28,1956,3,2,18.0,7.22,0,3960,9,594367
2024-07-28,1881,2,1,29.0,6.21,0,3253,10,446155
2024-07-28,1883,3,2,23.1,3.28,0,5224,9,518335
2024-07-30,1594,3,2,34.4,15.59,0,3826,6,405880
2024-07-31,1196,2,1,20.9,5.05,0,3070,9,317708
2024-07-31,1634,2,1,14.1,1.89,0,3559,9,474277
2024-08-01,1295,3,3,18.0,7.7,0,3907,9,403192
2024-08-01,2039,3,2,15.8,9.7,0,4475,6,520262
2024-08-01,1534,2,1,22.3,1.92,0,4056,10,469523
2024-08-01,1229,1,1,7.4,4.07,0,3451,8,345713
2024-08-02,1455,2,2,16.0,1.31,0,3914,7,474390
2024-08-03,1786,2,1,34.2,11.25,0,6717,8,322258
2024-08-03,1346,2,1,34.0,4.62,1,2638,9,322229
2024-08-04,1230,2,2,30.2,2.4,0,3004,9,280765
2024-08-04,1710,2,2,62.5,9.79,1,2155,8,331057
2024-08-05,1710,3,2,35.2,4.95,0,4534,10,553163
2024-08-05,1372,3,3,61.2,8.89,0,2998,10,342795
2024-08-06,1388,2,2,99.9,6.83,1,1965,8,193332
2024-08-06,1704,2,2,46.5,2.11,1,4260,10,503596
2024-08-06,948,1,1,7.4,3.19,0,2708,10,351395
2024-08-07,967,2,2,31.1,2.45,0,1743,6,254104
2024-08-08,1277,1,1,27.8,1.77,0,3196,9,453237
2024-08-08,1504,2,1,70.1,0.98,1,4225,8,354587
2024-08-08,1740,2,1,22.9,17.64,0,3350,7,399958
2024-08-09,2264,2,1,12.4,6.13,0,5444,9,604474
2024-08-09,1986,3,2,16.8,6.8,0,6220,9,572088
2024-08-09,1528,3,3,7.7,10.53,0,3602,8,439120
2024-08-10,1591,2,1,89.6,3.16,0,3715,9,366271
2024-08-11,1149,1,1,25.4,1.41,0,1920,10,326471
2024-08-11,1592,2,1,8.5,8.36,0,3628,8,469765
2024-08-12,1470,2,1,74.3,1.64,1,5270,10,311598
2024-08-12,1745,2,2,82.7,8.22,1,4913,7,309182
2024-08-13,1228,2,1,28.6,1.19,0,1726,9,435850
2024-08-13,1834,3,2,7.0,1.53,1,3915,10,585006
2024-08-13,2290,4,3,17.2,2.91,0,7820,9,669162
2024-08-14,1551,2,1,21.0,8.01,0,1876,7,408121
2024-08-15,1781,2,1,26.0,14.26,0,6588,8,523022
2024-08-16,1911,3,3,9.6,6.79,0,6663,8,660498
2024-08-18,1419,2,2,49.1,3.0,0,1637,8,417680
2024-08-18,1701,2,1,2.4,9.42,1,5765,8,603854
2024-08-18,1606,2,2,54.7,1.16,1,4534,9,389112
2024-08-18,1644,2,2,62.6,2.22,0,5693,10,422071
2024-08-19,1252,1,1,18.6,5.31,0,2522,9,348934
2024-08-20,1611,2,1,23.8,8.55,0,4034,8,330194
2024-08-20,1824,3,2,67.9,4.23,1,4417,9,462987
2024-08-20,2253,3,2,40.2,3.88,0,6270,10,557511
2024-08-20,2032,2,2,19.2,4.07,0,2962,10,629251
2024-08-21,2569,4,4,21.1,10.47,0,7017,6,669728
2024-08-21,1255,2,1,36.3,2.6,0,2573,10,330259
2024-08-21,1993,3,2,84.3,2.09,1,4567,10,518987
2024-08-22,1683,3,3,21.6,4.02,0,3783,10,516119
2024-08-23,2585,3,3,18.7,11.46,0,5521,9,728729
2024-08-24,1236,3,3,25.9,2.86,0,2574,9,435182
2024-08-25,1222,2,2,26.0,4.06,0,2374,10,393465
2024-08-26,1330,2,1,31.8,1.14,0,2447,9,365732
2024-08-26,644,2,1,23.8,4.19,0,1020,10,253654
2024-08-27,1363,2,2,56.9,5.92,1,3387,9,343236
2024-08-27,1258,2,1,11.6,1.65,0,4409,8,356682
2024-08-28,1668,3,2,34.4,10.48,0,1954,9,426166
2024-08-28,1754,3,3,35.4,5.86,1,6402,9,573526
2024-08-28,2444,4,3,12.5,3.25,0,7142,9,735781
2024-08-28,2028,3,3,34.2,5.89,0,5836,8,582986
2024-08-29,1340,2,1,36.1,7.08,0,2771,8,333165
2024-08-29,1196,2,2,1.1,0.83,0,4414,10,351535
2024-08-29,1821,2,1,10.6,6.06,0,2496,8,431327
2024-08-29,1006,2,1,71.7,11.19,1,3491,6,159649
2024-08-30,2424,4,4,15.3,2.57,0,7790,8,664663
2024-08-30,2131,3,2,8.5,3.31,0,5079,10,592092
2024-09-01,1389,2,2,3.7,3.77,0,4700,9,421557
2024-09-01,829,1,1,9.7,8.62,0,880,10,240484
2024-09-02,2209,3,2,23.1,1.93,0,6042,10,684377
2024-09-04,1548,3,2,7.9,6.85,0,3658,10,474762
2024-09-04,2157,3,2,40.6,3.83,0,4916,8,594182
2024-09-05,883,1,1,12.3,14.7,0,1996,7,225740
2024-09-05,1330,2,2,32.0,4.01,0,3116,9,439893
2024-09-07,1602,3,3,64.9,0.4,0,5417,10,470250
2024-09-07,1621,3,3,62.3,7.77,1,3877,8,387169
2024-09-08,1397,2,2,31.6,6.6,1,3649,8,483367
2024-09-08,1880,2,1,9.1,5.68,0,4047,7,476839
2024-09-09,1120,1,1,24.3,10.99,0,2472,9,286209
2024-09-11,1536,3,3,32.3,0.97,1,2189,10,523777
2024-09-12,1654,2,2,112.0,2.25,1,1760,9,288907
2024-09-12,1831,2,2,3.6,4.82,0,4352,9,567707
2024-09-12,1920,3,2,24.4,5.46,1,3677,9,518871
2024-09-14,1094,2,2,39.6,4.3,0,3267,10,348484
2024-09-14,910,2,1,27.5,1.15,1,2624,8,336060
2024-09-14,2175,4,3,29.8,3.34,0,3982,9,621536
2024-09-14,1750,2,1,13.0,14.02,1,3193,7,435774
2024-09-16,1263,2,2,48.5,1.84,1,2038,10,341137
2024-09-16,2298,3,3,26.0,4.74,0,5672,10,659659
2024-09-18,1652,2,2,29.7,6.86,0,2323,8,405765
2024-09-18,2131,4,4,52.1,8.45,1,3499,9,595122
2024-09-18,1630,3,2,19.7,7.75,0,6222,8,455311
2024-09-18,2527,4,4,60.0,3.14,1,8306,10,614062
2024-09-18,2390,4,3,7.6,2.24,0,5069,10,670231
2024-09-19,1488,2,1,31.0,14.77,0,3545,7,346007
2024-09-19,2037,2,1,12.3,9.02,0,4431,8,488635
2024-09-19,1890,2,2,9.5,5.09,0,5387,10,514184
2024-09-21,2216,2,2,83.7,12.27,0,5584,7,352314
2024-09-21,1166,3,2,8.0,1.41,1,1893,10,419962
2024-09-22,1909,2,1,26.4,0.42,0,5946,9,585573
2024-09-22,2076,3,3,7.4,5.41,0,4188,9,560662
2024-09-23,809,1,1,57.5,5.6,0,1600,9,223915
2024-09-23,1068,2,2,18.1,1.28,0,1707,9,354294
2024-09-23,682,1,1,51.9,8.8,1,1804,10,146398
2024-09-23,1479,3,2,38.6,0.67,1,3406,10,478633
2024-09-23,1923,2,1,101.4,6.31,1,3020,9,318712
2024-09-24,2276,3,3,5.9,7.37,0,4555,9,637362
2024-09-24,1633,2,2,10.5,5.36,0,1834,7,476316
2024-09-25,2333,3,2,50.0,1.1,0,6979,10,592437
2024-09-26,979,2,2,32.1,10.91,0,1163,8,259101
2024-09-26,833,1,1,20.8,3.23,0,1795,7,288867
2024-09-26,1575,3,2,89.4,3.23,1,4542,10,278173
2024-09-27,1773,3,3,25.0,2.72,0,5603,9,492863
2024-09-27,1585,3,3,12.7,7.94,0,4293,10,459717
2024-09-27,670,1,1,52.4,3.1,1,2149,10,158141
2024-09-27,1560,2,2,25.7,1.68,0,3116,8,453220
2024-09-28,1013,2,1,27.2,9.51,0,2714,8,288348
2024-09-28,1901,2,1,41.0,4.66,1,4839,9,393703
2024-09-29,1765,2,1,42.1,9.74,0,3353,9,380002
2024-09-29,1177,2,2,10.4,4.92,0,3694,10,376440
2024-09-30,1369,3,2,19.9,2.57,1,2046,8,443569
2024-10-01,1123,2,1,6.7,0.8,0,3609,10,332842
2024-10-01,1572,2,1,32.4,5.43,0,5329,8,384229
2024-10-01,2030,4,4,82.7,3.78,0,4734,10,446151
2024-10-01,1156,2,2,10.8,8.17,0,4471,8,343741
2024-10-02,1827,4,4,5.4,2.98,1,5728,9,561317
2024-10-02,1361,2,1,14.6,6.44,0,2535,8,367162
2024-10-03,1243,1,1,20.7,4.77,0,2837,8,309300
2024-10-03,1552,3,2,42.4,2.38,1,2839,9,444749
2024-10-04,1134,2,2,19.0,3.18,0,2499,10,386533
2024-10-05,1351,3,3,32.9,1.38,0,3884,8,429518
2024-10-05,1061,2,1,16.6,15.45,1,2802,8,321945
2024-10-06,2484,3,3,21.6,6.34,0,6038,10,657193
2024-10-06,1616,2,1,12.4,1.29,0,3894,10,501518
2024-10-06,1285,2,1,9.0,14.93,0,4323,7,369549
2024-10-07,1696,2,1,43.4,1.82,1,2110,8,455509
2024-10-07,1549,2,1,17.5,2.94,0,3624,9,437685
2024-10-08,1501,2,1,34.6,4.0,0,2288,10,413426
2024-10-09,1876,4,4,12.2,4.86,0,5852,9,618098
2024-10-09,1941,3,2,25.1,8.01,1,3108,9,588409
2024-10-09,1361,1,1,2.5,0.6,0,3825,10,456740
2024-10-11,1341,2,1,18.7,4.92,0,3336,10,420579
2024-10-11,1476,3,2,13.4,3.84,0,2390,9,465336
2024-10-12,564,1,1,55.9,5.5,0,2173,7,124570
2024-10-12,918,1,1,7.7,3.69,0,1068,8,308969
2024-10-12,2215,3,2,22.3,3.3,0,5616,9,548401
2024-10-13,2340,3,3,32.1,4.37,0,4097,7,671892
2024-10-13,1488,2,1,50.7,14.4,0,3489,6,213738
2024-10-14,1859,3,2,46.0,3.35,1,3682,9,539393
2024-10-15,1740,3,2,23.8,10.58,0,3336,8,472373
2024-10-15,2985,4,4,26.4,5.33,0,5981,10,799629
2024-10-15,2104,3,3,55.9,5.14,1,4371,9,566773
2024-10-16,1542,3,3,23.4,5.54,0,5045,9,490924
2024-10-17,1170,1,1,28.6,6.85,0,3318,8,245766
2024-10-17,877,2,1,57.2,3.57,1,1953,9,288418
2024-10-18,1692,2,1,110.6,10.09,0,4775,9,196718
2024-10-19,1260,2,2,30.5,6.86,1,2558,10,477569
2024-10-19,960,2,1,36.8,1.51,1,2264,9,339573
2024-10-20,1309,1,1,45.0,0.41,1,2280,10,362480
2024-10-20,1113,1,1,56.8,14.11,1,2555,8,183672
2024-10-21,2359,3,2,51.6,5.67,1,4802,7,571798
2024-10-21,1997,3,3,15.5,1.33,0,5433,10,616454
2024-10-21,1596,2,1,32.0,3.35,0,3872,10,487464
2024-10-21,2266,5,4,51.8,9.02,1,8082,6,669471
2024-10-22,1635,2,1,65.0,4.17,1,2752,10,397048
2024-10-23,1212,2,2,22.4,4.47,0,3268,8,438358
2024-10-24,2285,4,3,31.4,7.9,0,7051,8,515199
2024-10-24,1843,4,3,34.1,6.07,0,4348,9,549571
2024-10-26,1133,3,3,25.8,7.22,0,1499,10,428432
2024-10-27,1514,3,3,30.8,7.84,1,3445,8,483151
2024-10-27,1206,2,1,120.0,2.63,1,1507,9,68926
2024-10-27,978,2,1,21.6,2.85,0,1888,10,369528
2024-10-27,2017,3,2,23.0,2.36,0,5685,10,608407
2024-10-27,2459,3,2,4.8,2.99,0,3586,8,699620
2024-10-28,971,1,1,3.9,4.34,0,1604,10,324007
2024-10-28,1853,3,2,35.9,4.59,1,5855,8,605447
2024-10-29,1307,2,1,52.0,12.02,0,3742,9,288733
2024-10-31,1381,2,1,45.6,5.86,0,3939,9,322879
2024-10-31,1333,2,2,12.1,4.4,0,4277,10,388787
2024-10-31,1211,2,2,43.7,1.92,0,2493,9,373799
2024-11-01,1622,2,2,22.7,3.75,0,2943,7,494425
2024-11-02,1226,2,1,18.5,14.81,1,2949,7,323151
2024-11-03,1722,2,1,6.9,14.66,0,4844,7,396196
2024-11-03,1577,2,2,13.6,3.71,0,5725,8,520588
2024-11-04,1492,2,1,36.5,0.92,0,2380,10,369305
2024-11-05,1192,1,1,31.8,3.33,0,2556,9,397051
2024-11-06,1340,2,1,28.4,12.11,1,3059,7,311001
2024-11-06,1940,3,3,2.1,4.36,1,4692,10,568543
2024-11-07,1825,3,3,28.6,7.9,0,1532,9,459290
2024-11-07,1160,2,1,15.3,4.76,0,2543,8,302390
2024-11-08,1645,2,1,31.9,1.22,0,4841,10,435939
2024-11-09,1938,4,4,58.0,4.89,1,4785,10,531919
2024-11-09,849,2,1,17.3,8.64,0,1994,7,289505
2024-11-10,1845,3,3,27.1,2.95,0,3067,9,582815
2024-11-11,1302,2,2,89.1,8.49,1,2693,9,225949
2024-11-12,1857,2,2,30.8,5.12,1,3967,10,657893
2024-11-12,1257,2,1,24.6,8.18,0,3613,7,317435
2024-11-13,788,2,1,12.3,6.13,0,2722,8,261753
2024-11-13,868,2,1,44.6,2.04,0,1338,8,194695
2024-11-14,1622,3,3,10.5,3.78,0,3640,10,522771
2024-11-14,1717,2,2,59.7,3.69,1,5644,8,435353
2024-11-14,1193,1,1,40.2,2.83,0,2862,8,252741
2024-11-15,1887,3,2,15.7,5.79,0,5146,9,513284
2024-11-16,852,1,1,12.7,16.56,0,2073,7,215062
2024-11-16,1570,2,2,13.0,10.1,0,4618,9,412994
2024-11-16,1055,1,1,4.0,11.02,0,3094,8,264886
2024-11-17,1307,2,1,35.3,2.69,0,4015,10,392455
2024-11-17,1621,2,1,2.5,11.14,0,4648,8,374480
2024-11-17,1213,2,2,23.4,13.65,0,2088,6,265070
2024-11-18,1427,2,2,22.2,2.61,0,4249,9,435708
2024-11-18,2053,2,1,19.2,6.63,0,6757,9,561499
2024-11-18,1340,1,1,35.1,6.76,1,2851,8,357121
2024-11-18,1976,3,2,15.8,4.0,0,3213,7,542963
2024-11-19,1092,2,1,28.7,5.45,0,2112,8,292122
2024-11-21,1838,3,2,59.7,7.0,1,3741,9,497043
2024-11-21,2249,3,3,38.2,4.22,1,4546,10,670005
2024-11-22,488,1,1,17.8,9.78,0,1608,10,170443
2024-11-22,1241,2,2,25.2,1.52,0,2935,9,378615
2024-11-23,1860,2,1,19.2,3.67,0,6153,8,493405
2024-11-24,1509,2,2,22.0,8.01,0,3029,8,382079
2024-11-24,1767,3,3,29.3,15.44,0,3198,6,435558
2024-11-25,1328,3,2,6.6,10.2,0,3420,9,390177
2024-11-25,1639,2,1,5.1,5.37,0,4063,10,465611
2024-11-27,1530,2,1,11.4,4.38,0,2531,8,412857
2024-11-27,2126,3,2,36.3,3.84,0,4066,8,576885
2024-11-28,1714,2,2,39.9,3.86,0,2664,10,488461
2024-11-28,1752,2,2,44.2,0.79,1,5101,10,474582
2024-11-28,1415,2,1,11.8,15.02,0,4333,7,313012
2024-11-29,1381,2,1,26.9,4.63,0,3927,10,411798
2024-11-29,1405,2,1,18.3,2.47,0,3836,8,411868
2024-11-29,1778,3,3,22.7,6.56,0,5163,7,491968
2024-11-29,1411,2,1,18.0,2.65,0,2888,9,466885
2024-11-30,1730,2,1,30.6,9.15,0,6656,8,390375
2024-11-30,2534,3,3,14.1,2.54,0,8106,9,612935
2024-12-01,1992,2,2,55.2,8.27,1,3543,10,444987
2024-12-01,1453,3,2,55.6,3.8,1,2414,9,464999
2024-12-02,2141,3,3,35.5,5.95,1,2824,8,577117
2024-12-03,1416,2,1,50.9,8.71,1,2023,8,310862
2024-12-03,683,1,1,6.3,3.13,0,2069,10,263840
2024-12-04,1146,2,2,57.4,8.56,1,2663,7,317105
2024-12-04,758,1,1,33.1,0.83,0,2557,10,240697
2024-12-04,1442,2,1,14.9,12.96,0,4200,9,392885
2024-12-04,1608,3,2,13.6,9.59,0,4003,9,452834
2024-12-05,2354,3,2,70.9,4.51,1,6826,9,573569
2024-12-05,1747,3,2,44.7,10.77,1,3515,10,461247
2024-12-06,1501,1,1,22.2,10.02,1,2958,10,379931
2024-12-06,1973,3,2,6.3,4.83,0,5461,7,575377
2024-12-06,605,1,1,59.4,4.79,1,1198,7,121635
2024-12-06,1706,2,2,9.1,2.21,0,2278,10,456121
2024-12-07,1947,3,3,18.6,5.03,0,6718,10,573692
2024-12-08,935,1,1,22.2,1.18,1,2019,9,270123
2024-12-08,2115,3,2,13.4,8.2,0,3976,8,597648
2024-12-08,1752,3,3,21.4,8.32,0,4860,7,494382
2024-12-09,1413,3,3,24.9,0.85,1,4390,8,545368
2024-12-09,1885,2,2,21.1,12.15,1,3064,9,486070
2024-12-09,2622,4,4,31.7,2.91,1,4410,9,758804
2024-12-09,1682,3,3,72.6,25.85,1,5815,5,224695
2024-12-09,1712,3,2,6.6,5.73,0,4086,7,455217
2024-12-09,1393,2,1,28.2,12.23,1,2907,9,293127
2024-12-09,1218,2,2,9.2,2.15,0,2666,10,456702
2024-12-09,1974,2,2,5.9,3.79,0,4950,8,537716
2024-12-10,1215,2,2,48.3,3.12,0,2725,10,386029
2024-12-10,1632,2,1,30.0,1.16,0,3094,10,332203
2024-12-10,1385,1,1,5.5,1.52,0,2192,9,478351
2024-12-10,1816,3,2,21.4,4.38,0,6553,6,499618
2024-12-11,1750,3,3,11.4,6.4,0,4161,8,542658
2024-12-13,2067,2,1,22.0,1.94,0,5348,10,500346
2024-12-13,1370,1,1,41.0,3.61,1,4962,9,382010
2024-12-13,1479,2,1,38.1,2.63,0,2131,9,370633
2024-12-14,1160,3,2,18.1,4.6,0,3313,10,343321
2024-12-14,1400,2,2,49.8,7.77,0,5111,8,284316
2024-12-15,1770,2,2,62.9,5.23,1,5984,6,352993
2024-12-16,1941,3,3,41.4,3.01,0,3405,9,551541
2024-12-17,1185,2,1,15.7,9.8,0,3919,8,299203
2024-12-18,1991,3,3,22.6,6.25,1,5264,8,508780
2024-12-18,2210,3,2,71.1,5.34,1,7178,10,531835
2024-12-19,1786,2,2,19.3,1.96,0,2960,8,410909
2024-12-21,2445,3,2,38.1,9.11,1,7212,8,677962
2024-12-22,1252,2,1,13.3,6.71,0,3229,7,432723
2024-12-22,1040,2,2,50.1,6.96,1,1859,8,235822
2024-12-22,800,1,1,11.9,4.05,0,1750,10,312128
2024-12-22,2273,3,2,23.3,3.5,0,6464,9,632206
2024-12-22,1894,3,3,37.2,15.08,1,4936,7,461748
2024-12-23,1575,1,1,80.9,3.46,0,3528,9,261102
2024-12-23,1726,3,2,29.6,1.62,1,5514,10,556400
2024-12-24,1094,2,1,20.3,5.54,0,2287,10,328218
2024-12-25,2701,4,3,19.0,4.8,0,7336,10,615383
2024-12-26,1658,4,3,48.6,10.1,1,3305,10,557111
2024-12-27,1649,3,2,35.1,4.3,0,3952,9,476335
2024-12-28,1927,2,1,40.4,7.6,1,5399,6,455696
2024-12-28,1816,2,2,67.8,12.7,1,6542,8,343706
2024-12-29,1701,3,2,26.2,6.43,0,4520,10,471666
2024-12-30,1244,2,2,33.3,2.06,0,4466,10,427717
2024-12-30,1812,2,1,18.8,6.56,0,2700,10,489543
2024-12-30,2447,4,4,12.8,3.66,0,4848,9,747815
2024-12-31,2205,3,2,15.1,5.83,0,4698,9,543895
2025-01-02,2317,4,3,1.4,4.83,0,4498,9,674306
2025-01-02,1370,2,1,36.9,1.58,0,2963,9,373385
2025-01-02,1155,1,1,34.2,4.28,1,2753,9,352869
2025-01-03,1543,3,2,36.4,1.95,1,2106,10,456540
2025-01-06,1625,2,2,12.1,3.25,0,3079,7,513458
2025-01-06,2092,3,3,15.4,9.09,0,5924,7,520446
2025-01-07,838,1,1,14.9,5.11,0,2542,10,274107
2025-01-08,2288,3,3,53.5,7.28,1,7475,10,582399
2025-01-08,1529,2,1,28.8,5.43,0,3717,8,331687
2025-01-08,1408,3,2,26.0,3.86,1,3676,10,454176
2025-01-09,1145,1,1,43.0,5.84,1,4174,10,279264
2025-01-09,855,1,1,15.0,0.98,0,2890,9,343425
2025-01-09,1970,2,1,32.7,8.22,1,3553,5,455857
2025-01-09,1633,3,2,87.9,2.41,1,2615,8,365642
2025-01-09,1020,2,1,59.2,6.96,0,3548,8,166980
2025-01-10,1017,1,1,32.4,3.74,0,3331,10,293454
2025-01-10,1449,2,2,26.7,1.58,0,4687,10,417940
2025-01-11,2351,4,4,36.1,2.79,0,7327,9,632774
2025-01-12,1483,2,1,64.8,6.99,0,4118,8,415846
2025-01-13,924,2,2,61.8,18.32,1,2658,6,150867
2025-01-13,1489,2,2,72.1,4.6,1,3362,9,333986
2025-01-13,1477,2,1,30.0,16.93,1,2878,7,379228
2025-01-15,450,1,1,2.5,0.98,0,1922,10,205085
2025-01-15,1576,3,2,83.8,3.98,0,3461,7,330230
2025-01-15,1496,3,3,12.8,4.6,0,4675,9,508081
2025-01-16,1913,4,4,42.5,7.25,0,6961,9,553131
2025-01-17,2432,4,3,2.5,2.88,0,6940,10,842684
2025-01-17,2107,3,2,25.6,6.23,0,5835,8,519310
2025-01-17,1479,2,1,19.3,4.13,0,3419,9,478854
2025-01-19,1102,1,1,72.2,11.09,1,1964,8,202620
2025-01-19,2758,4,3,32.7,5.55,0,6252,9,774167
2025-01-20,1627,2,2,25.4,24.47,1,4961,3,358330
2025-01-21,1606,2,2,35.3,4.16,0,5773,10,518510
2025-01-21,1589,3,3,0.7,10.61,0,4595,9,479735
2025-01-21,1689,2,2,14.7,12.92,1,2649,8,483272
2025-01-22,1535,3,3,16.7,0.26,0,3610,10,571357
2025-01-22,1342,3,2,39.4,8.15,1,4055,6,349781
2025-01-23,1354,2,2,10.4,4.04,0,3307,10,471677
2025-01-25,1585,1,1,29.0,1.81,0,4194,10,419457
2025-01-25,1355,2,2,23.5,11.22,0,4238,6,300217
2025-01-26,1279,2,1,15.4,3.03,0,3878,10,331838
2025-01-26,1648,2,2,16.3,0.91,0,3803,10,495245
2025-01-27,1485,2,1,23.3,5.65,0,3982,7,431869
2025-01-27,2277,3,2,3.6,12.35,0,4056,7,491991
2025-01-29,450,1,1,43.5,1.83,0,1605,8,148501
2025-01-31,2091,3,2,12.7,8.9,0,3670,8,603911
2025-02-01,2161,3,3,20.3,0.66,1,2948,10,602786
2025-02-01,667,1,1,70.5,12.94,1,2270,6,55170
2025-02-02,1446,2,1,44.0,6.52,0,2990,9,370339
2025-02-02,1433,2,1,8.7,1.65,0,4138,10,475675
2025-02-02,967,2,1,0.5,8.34,0,3270,9,375258
2025-02-03,1250,2,1,36.4,3.17,0,4033,10,320652
2025-02-03,1100,2,1,21.0,2.21,0,3894,8,305215
2025-02-03,2389,4,4,29.2,3.11,1,3650,9,795843
2025-02-04,2021,3,2,43.0,7.77,0,5386,9,466234
2025-02-04,2172,3,2,47.8,2.09,1,3111,10,604968
2025-02-05,1925,3,2,17.8,0.39,0,4426,10,672540
2025-02-05,1092,2,1,23.0,3.25,0,3982,10,365540
2025-02-07,1364,1,1,33.4,11.53,0,2915,7,331104
2025-02-07,1820,3,3,35.0,11.42,0,5147,6,519942
2025-02-08,1050,1,1,29.0,3.11,1,2840,8,334985
2025-02-08,1921,3,2,65.4,3.02,0,5351,9,487309
2025-02-09,1492,2,1,34.7,2.86,0,5366,10,385555
2025-02-09,1431,2,1,42.5,2.76,1,2270,9,438344
2025-02-11,1920,3,2,30.8,2.92,0,4945,10,554083
2025-02-12,1800,2,2,10.3,5.85,0,5938,9,444368
2025-02-12,1438,2,2,14.6,11.72,0,4044,6,390831
2025-02-12,2122,3,2,8.3,2.08,0,3509,9,514337
2025-02-12,1114,2,1,51.5,2.46,1,2957,10,337952
2025-02-12,1877,2,1,5.5,6.35,0,3586,9,498525
2025-02-13,1867,3,2,22.3,8.08,0,3787,6,578157
2025-02-13,1461,3,3,18.6,1.18,0,4087,10,512851
2025-02-13,1747,2,2,18.2,14.68,0,3676,6,464870
2025-02-14,1037,1,1,19.5,3.76,0,3633,9,267047
2025-02-15,2016,3,2,73.6,1.3,1,5882,10,519239
2025-02-15,1517,2,1,3.2,1.12,1,4766,10,466064
2025-02-16,1365,2,2,60.0,1.05,0,1252,10,392474
2025-02-16,2072,3,3,20.9,10.47,0,5147,9,511217
2025-02-17,1283,2,1,45.6,5.15,0,2657,7,309913
2025-02-17,966,2,1,26.6,10.53,0,3248,8,211479
2025-02-19,900,1,1,9.2,4.43,0,749,8,291495
2025-02-20,1873,3,2,63.8,10.33,0,3057,8,493082
2025-02-20,1024,2,1,57.3,4.35,1,2640,9,289857
2025-02-20,2390,4,3,9.9,7.23,0,4574,7,669361
2025-02-21,663,1,1,38.4,4.67,1,1512,8,119617
2025-02-21,2363,3,2,15.2,4.14,0,6255,7,608560
2025-02-22,1695,3,2,5.7,2.28,0,2627,8,545034
2025-02-23,1556,2,2,12.7,7.94,0,1399,9,422367
2025-02-23,1355,1,1,61.4,1.84,1,3285,9,377266
2025-02-24,1780,3,2,46.4,7.93,1,4925,9,469126
2025-02-24,1583,2,1,19.7,5.32,0,3901,10,480660
2025-02-24,2096,3,2,61.5,8.08,1,4369,8,500161
2025-02-28,1651,3,3,54.4,5.67,1,3658,10,447554
2025-02-28,1668,2,1,12.8,11.11,1,4203,8,427263
2025-02-28,1436,2,1,71.7,6.73,1,5153,10,263001
2025-03-02,1574,2,1,18.5,5.41,0,2710,5,455298
2025-03-03,1739,3,3,20.6,0.33,0,4806,9,527760
2025-03-04,830,1,1,3.4,11.42,0,2022,9,269161
2025-03-05,993,2,1,15.0,1.04,0,3908,9,316059
2025-03-05,1934,3,2,22.4,1.43,0,3625,10,512610
2025-03-05,1677,2,2,31.4,8.62,1,3444,8,475093
2025-03-06,1517,3,2,9.2,5.0,0,4265,10,446453
2025-03-06,1608,2,2,13.3,1.09,0,1718,8,467321
2025-03-07,1756,3,3,72.7,3.01,0,5910,10,369702
2025-03-08,1357,2,2,52.0,11.01,1,3526,8,307088
2025-03-08,1250,3,2,58.6,5.55,1,3883,9,339410
2025-03-08,1688,2,1,23.9,5.1,1,3027,9,456625
2025-03-08,1160,1,1,32.1,2.71,0,3505,10,352331
2025-03-09,1784,3,2,39.0,8.84,0,5232,6,444979
2025-03-12,834,1,1,72.0,4.54,1,3161,9,280957
2025-03-12,2063,3,3,5.6,7.72,0,2752,7,610120
2025-03-13,1813,2,2,16.3,2.47,0,2692,10,448393
2025-03-13,1715,2,1,30.0,18.39,0,3655,5,340127
2025-03-14,2042,2,1,26.7,12.39,0,2761,5,449778
2025-03-14,2349,4,3,13.1,5.5,0,6159,10,651866
2025-03-15,2056,4,4,36.6,6.43,0,7341,8,587024
2025-03-16,772,1,1,16.8,3.04,0,2265,10,241819
2025-03-16,1024,1,1,25.2,8.15,0,3994,10,289302
2025-03-17,1319,2,1,35.5,0.44,0,1138,10,297259
2025-03-18,1612,3,3,17.5,14.53,0,3478,7,490118
2025-03-20,1833,2,1,43.7,7.82,0,2757,8,345900
2025-03-21,1273,2,1,49.4,2.04,0,3301,8,305721
2025-03-22,1684,3,3,13.6,14.29,0,5412,7,432198
2025-03-23,1260,2,1,16.7,17.36,0,1808,9,316447
2025-03-25,1325,2,2,10.6,6.68,0,3056,8,392828
2025-03-25,967,2,1,24.8,2.5,1,2581,9,339050
2025-03-25,1185,1,1,31.4,5.16,0,4199,10,357898
2025-03-25,992,2,2,18.9,7.39,0,1197,7,336690
2025-03-25,1161,1,1,30.8,6.28,0,1276,9,300703
2025-03-25,2074,2,2,16.4,2.04,0,3199,8,593603
2025-03-27,1173,2,1,16.8,7.29,0,2922,9,415254
2025-03-28,2785,5,4,32.6,10.92,0,5128,8,779336
2025-03-28,1822,3,2,17.8,1.61,1,5404,10,556434
2025-03-29,1683,3,2,23.8,1.81,0,4757,8,549798
2025-03-29,1214,3,2,33.5,2.93,0,4007,9,392024
2025-03-29,1915,3,2,30.5,4.22,1,4622,10,508632
2025-03-30,1341,3,2,16.6,8.99,0,1784,8,390399
2025-03-31,1655,3,2,52.8,10.84,1,3983,9,346188
2025-04-01,2752,4,4,37.8,2.41,1,9883,10,663825
2025-04-02,1557,1,1,30.0,5.81,1,4764,8,364859
2025-04-02,2117,3,3,9.3,10.55,0,7746,8,592355
2025-04-02,1284,1,1,27.2,19.07,0,4377,6,254879
2025-04-03,1584,3,2,14.7,5.79,0,2408,9,413573
2025-04-03,2397,3,3,35.8,6.03,1,3863,10,538275
2025-04-04,1318,2,1,0.5,6.71,0,2381,8,451445
2025-04-05,2416,4,3,20.4,3.87,0,5398,9,691436
2025-04-08,1918,3,3,16.0,5.47,0,3002,10,641373
2025-04-08,1347,3,3,43.9,0.6,1,3363,9,501948
2025-04-09,1885,2,1,3.5,3.05,0,5258,9,563773
2025-04-09,2038,3,2,25.9,7.21,0,6803,6,529074
2025-04-11,1880,2,2,37.4,2.28,1,5179,8,496537
2025-04-12,893,1,1,80.9,9.14,1,2545,7,147892
2025-04-13,1273,2,2,16.8,0.89,0,2250,9,408007
2025-04-13,1489,2,2,31.8,8.9,0,2497,7,355366
2025-04-14,1567,2,2,3.8,8.88,0,4172,9,365892
2025-04-14,1879,2,1,24.9,19.3,0,3473,5,385145
2025-04-15,1680,2,1,55.5,3.74,0,3705,8,426212
2025-04-15,999,1,1,81.5,5.01,0,1807,9,197648
2025-04-16,1771,2,2,34.0,13.6,0,3505,6,407695
2025-04-16,1875,3,3,5.3,12.46,0,4610,9,497144
2025-04-17,1852,3,2,61.5,10.08,1,3718,9,474562
2025-04-18,2086,2,1,5.3,6.44,0,5243,7,541642
2025-04-19,1975,3,3,8.4,13.35,0,5594,9,532017
2025-04-19,1807,2,2,65.0,23.8,1,4142,7,253228
2025-04-20,1568,2,2,23.5,7.69,0,3087,7,508379
2025-04-21,853,2,2,15.2,5.19,0,2345,8,328415
2025-04-22,1793,2,1,41.1,8.35,1,4291,8,472514
2025-04-22,1693,2,2,28.3,5.73,0,5024,7,408792
2025-04-22,1722,2,2,52.1,4.02,0,5200,8,419409
2025-04-23,1025,2,1,29.3,9.17,0,3577,8,266410
2025-04-23,1114,2,2,29.8,3.31,0,2451,10,380329
2025-04-24,2074,3,2,50.9,7.58,1,4973,9,582697
2025-04-24,1582,2,1,23.3,1.14,0,4491,10,388722
2025-04-25,1907,2,2,11.4,14.96,0,5105,6,418992
2025-04-26,1613,3,2,42.8,2.57,1,4768,8,489254
2025-04-28,1613,2,1,19.8,1.4,0,3764,10,439524
2025-04-30,2022,4,3,31.1,12.17,0,5043,8,573438
2025-04-30,1368,2,1,2.8,13.72,0,3593,7,341978
2025-05-01,1643,2,1,22.5,6.35,0,2802,7,367501
2025-05-02,1392,1,1,16.2,4.64,0,4433,10,315824
2025-05-03,1404,1,1,2.7,3.82,0,2162,10,436162
2025-05-03,1461,1,1,23.1,6.09,1,2193,9,422970
2025-05-03,1700,3,2,23.7,4.85,0,5043,10,534854
2025-05-05,1385,2,1,32.7,4.4,1,5325,8,400501
2025-05-07,2165,2,2,54.8,2.33,1,2680,10,367910
2025-05-07,1197,2,1,49.0,1.75,1,2941,9,351930
2025-05-07,1516,2,2,17.1,5.35,0,2810,10,385494
2025-05-07,1402,2,2,28.8,5.96,0,3410,10,321753
2025-05-09,2251,4,4,36.2,2.7,0,7104,10,559764
2025-05-09,1688,3,2,17.6,3.05,0,5330,8,409447
2025-05-11,2064,3,3,5.9,5.95,0,5508,6,607236
2025-05-11,931,1,1,21.2,2.27,0,2384,9,262532
2025-05-12,1720,1,1,56.4,10.35,0,5094,8,267949
2025-05-12,2000,2,2,5.6,7.37,0,3943,8,547366
2025-05-13,1637,2,1,10.4,2.68,0,4795,10,427691
2025-05-13,2079,2,1,12.6,7.1,1,6401,9,606277
2025-05-14,1367,2,1,10.5,2.32,0,4258,10,479736
2025-05-14,2234,3,3,41.2,8.91,1,4364,8,573984
2025-05-15,2635,4,3,14.7,2.41,0,5273,9,820382
2025-05-16,1437,2,1,42.0,4.57,0,2679,9,416105
2025-05-16,1400,2,1,25.9,5.59,0,4146,9,381856
2025-05-16,2254,3,3,4.1,13.58,0,5221,7,685450
2025-05-16,2311,3,3,17.9,2.55,0,5131,9,629748
2025-05-16,1365,3,3,50.0,2.46,1,3945,9,341154
2025-05-17,1411,2,2,28.1,1.22,0,4143,10,362319
2025-05-18,1473,2,1,19.0,16.29,0,3005,6,307056
2025-05-18,995,2,1,56.9,5.14,1,3072,8,268427
2025-05-19,1187,2,2,9.4,10.52,0,3543,10,317904
2025-05-19,1148,2,1,15.1,3.1,0,3990,10,336242
2025-05-20,1254,2,1,46.8,3.35,1,2340,8,285354
2025-05-20,1584,2,1,40.7,4.82,0,3129,10,368988
2025-05-20,1705,3,2,8.7,4.94,0,4986,10,577277
2025-05-21,2298,3,2,35.3,8.14,0,5265,8,585405
2025-05-21,1151,2,2,14.5,5.25,0,1995,8,342194
2025-05-21,2043,3,2,2.5,3.69,0,5886,8,651343
2025-05-21,1504,2,1,19.3,16.49,0,3238,7,346049
2025-05-21,1578,2,1,84.9,2.3,1,4772,9,321158
2025-05-22,1904,2,2,50.6,2.56,1,2763,10,551314
2025-05-23,1095,1,1,24.1,2.33,0,3048,10,310556
2025-05-24,1772,3,3,5.2,8.36,0,4803,8,572237
2025-05-24,1675,2,2,2.7,6.95,0,4894,10,531483
2025-05-24,1822,2,1,25.9,4.41,0,5882,9,466558
2025-05-25,1730,3,3,33.7,2.22,0,5688,9,449021
2025-05-25,2705,3,3,41.6,5.58,1,8540,10,710906
2025-05-25,1313,2,2,38.3,9.19,1,2201,10,414195
2025-05-26,1361,2,2,40.6,13.95,1,3414,10,382075
2025-05-27,1320,2,1,30.7,2.99,1,2347,10,464396
2025-05-28,1350,3,2,56.0,4.4,1,2130,10,356926
2025-05-28,1313,1,1,16.1,6.9,0,2622,9,386325
2025-05-28,2135,4,3,25.6,3.66,1,3326,10,601137
2025-05-28,2239,4,4,4.2,1.43,0,4629,10,725469
2025-05-29,1343,2,1,15.8,4.42,0,2711,10,440695
2025-05-29,1225,2,2,49.6,1.63,0,1686,8,365932
2025-05-30,1812,2,2,39.7,9.74,0,5618,8,437291
2025-05-31,1351,2,2,1.5,3.91,0,1539,10,433497
2025-05-31,1885,3,3,89.1,4.77,1,5904,10,375111
2025-05-31,1691,2,1,28.2,2.62,0,2291,10,446125
2025-06-02,918,2,1,28.6,4.91,0,3714,9,226753
2025-06-02,2296,4,3,15.0,11.77,0,7338,7,602853
2025-06-03,2408,3,2,18.0,10.48,0,6802,8,522803
2025-06-04,1324,3,2,27.9,1.88,0,4004,10,367647
2025-06-04,1426,1,1,38.1,0.13,1,1738,10,436499
2025-06-04,1729,3,3,31.8,4.44,0,5811,8,529341
2025-06-05,1751,3,2,16.0,3.93,0,5730,9,503494
2025-06-06,1896,2,1,11.3,3.74,0,5878,9,520557
2025-06-07,2505,3,3,10.6,3.15,0,6547,7,709091
2025-06-07,1520,2,1,52.3,1.84,0,2838,10,392301
2025-06-07,1241,2,1,48.1,20.17,1,4549,6,245930
2025-06-08,979,1,1,35.7,16.28,0,2130,7,138422
2025-06-09,1271,2,2,52.0,3.61,0,2964,9,230622
2025-06-10,1585,3,3,22.7,5.52,0,2900,10,445445
2025-06-10,2408,4,3,45.2,9.86,1,7737,7,610337
2025-06-10,1367,2,2,37.0,5.5,1,1538,8,430241
2025-06-11,1701,2,2,46.1,3.37,0,3463,10,449177
2025-06-11,1593,1,1,9.6,1.46,0,4755,10,480444
2025-06-12,2135,3,3,30.4,5.05,0,6637,7,534304
2025-06-12,2737,4,4,18.8,1.65,1,6637,10,816040
2025-06-12,1361,3,2,1.9,11.23,0,2560,7,410743
2025-06-12,1380,1,1,58.0,4.88,1,1825,9,285601
2025-06-12,2070,3,3,48.2,7.3,0,6340,10,479629
2025-06-12,1907,3,3,32.4,3.83,0,6276,7,520797
2025-06-13,2431,4,3,12.0,8.95,0,7405,6,694853
2025-06-14,1863,2,2,3.9,2.93,0,3840,10,512652
2025-06-15,1438,2,1,1.9,6.21,0,4832,6,398586
2025-06-15,1866,2,1,15.7,3.72,0,3665,7,554472
2025-06-16,2099,3,2,41.0,4.19,0,5427,10,521070
2025-06-16,1969,3,3,19.0,9.77,0,4430,8,543860
2025-06-17,1828,3,3,36.0,2.61,0,3022,10,524623
2025-06-17,2080,3,2,37.3,6.53,1,6616,7,536781
2025-06-18,2126,3,2,40.6,12.14,1,5526,7,597482
2025-06-19,2222,3,2,3.1,9.53,0,5130,9,621006
2025-06-22,1892,3,3,13.0,3.0,0,2838,10,512148
2025-06-23,1525,2,2,35.5,7.19,0,1994,8,458867
2025-06-23,1666,3,3,66.6,0.89,0,4425,9,439712
2025-06-24,2143,3,3,54.5,10.0,1,4264,8,511911
2025-06-24,1232,2,2,31.2,23.75,0,1524,7,304033
2025-06-26,1766,3,2,58.5,6.26,1,5070,10,414312
2025-06-27,1423,2,1,31.0,12.55,1,3799,7,421913
2025-06-27,1613,3,2,5.4,1.39,0,4064,9,521493
2025-06-27,2175,3,3,40.1,2.03,1,5046,9,663014
2025-06-28,1686,2,2,55.8,3.82,1,5732,8,558026
2025-06-28,1621,3,2,80.6,4.41,0,4731,9,347569
2025-06-29,988,1,1,15.4,6.29,0,3313,10,292469
2025-06-30,1936,2,1,8.6,3.02,0,5407,9,485352
2025-06-30,1890,2,1,45.3,5.56,0,3751,10,441667
2025-07-01,2573,4,4,34.0,9.76,0,8261,10,638274
2025-07-02,1461,3,3,31.8,7.17,0,2265,9,424037
2025-07-03,1699,4,4,59.0,3.72,0,2942,10,608562
2025-07-03,1712,3,2,45.2,8.46,0,3537,7,422506
2025-07-04,2310,4,3,36.3,3.6,0,3376,9,608583
2025-07-04,1557,1,1,17.1,5.33,0,5742,10,408795
2025-07-04,1726,2,1,42.7,9.42,1,4439,7,388561
2025-07-04,1874,2,1,8.3,4.32,0,4694,10,566944
2025-07-05,1684,2,2,31.0,1.63,0,4557,10,472296
2025-07-06,1399,2,1,24.3,5.22,0,3824,10,454503
2025-07-07,1687,2,2,5.1,9.48,0,2993,7,451360
2025-07-07,2083,2,2,34.1,10.08,1,5764,8,511793
2025-07-07,1138,2,1,15.4,1.96,0,3360,10,331065
2025-07-07,1660,2,1,33.5,8.22,0,3868,7,377676
2025-07-08,1285,2,2,10.7,4.12,0,4414,9,340424
2025-07-08,2138,4,4,45.5,13.1,0,4202,8,446674
2025-07-08,915,1,1,73.6,1.66,1,2314,9,218793
2025-07-10,1348,1,1,8.3,8.12,0,2177,7,286987
2025-07-10,1770,2,2,10.7,3.77,0,3326,7,521419
2025-07-11,2304,4,4,6.9,3.06,0,7058,9,687529
2025-07-11,1570,3,2,21.1,9.71,0,4704,9,479581
2025-07-12,1350,1,1,33.1,10.76,0,3617,7,230470
2025-07-13,2447,4,3,40.9,0.61,1,6746,10,728923
2025-07-13,948,1,1,30.5,9.83,1,2508,8,268042
2025-07-13,611,1,1,40.0,4.74,0,1487,8,180364
2025-07-13,1798,4,3,23.7,5.11,0,3100,10,599687
2025-07-14,1374,1,1,15.2,1.57,0,5383,10,404839
2025-07-14,1140,2,1,10.9,7.74,0,2942,10,248122
2025-07-14,1919,3,2,21.7,20.49,0,6025,5,455127
2025-07-15,1710,3,2,11.2,3.22,0,3532,10,538517
2025-07-15,1346,2,1,32.4,11.46,1,3739,9,338181
2025-07-15,1024,2,1,11.3,4.97,0,1375,8,290596
2025-07-17,1993,3,2,16.7,3.33,0,4117,8,547281
2025-07-18,1893,3,2,52.1,1.28,0,5254,10,558207
2025-07-18,1555,2,2,55.5,12.56,1,2772,8,313386
2025-07-18,2431,4,4,54.4,5.44,0,4648,8,542067
2025-07-18,1118,1,1,24.0,3.47,0,1941,9,260678
2025-07-19,914,1,1,15.8,3.96,0,1338,9,285384
2025-07-19,1289,2,1,36.0,8.18,0,3658,7,378743
2025-07-19,1579,3,3,11.6,3.47,0,3834,10,611288
2025-07-19,1710,2,2,42.3,2.2,1,2921,10,507594
2025-07-20,1491,1,1,14.6,4.57,0,2216,10,370965
2025-07-20,1758,3,3,21.0,4.46,0,3358,10,495130
2025-07-20,1037,1,1,43.0,4.39,0,2987,8,286284
2025-07-21,2250,3,3,3.7,3.51,0,3929,9,728592
2025-07-21,1563,2,2,15.1,11.73,0,4352,9,394545
2025-07-21,2103,4,3,32.9,25.34,0,2589,5,531737
2025-07-21,1754,1,1,38.1,1.96,0,3848,8,416260
2025-07-21,1806,4,4,33.8,0.5,0,5442,10,609669
2025-07-22,1856,3,3,20.8,4.14,0,5460,10,607684
2025-07-22,1801,3,2,46.0,0.58,1,3206,10,449036
2025-07-22,1889,3,3,10.6,1.15,0,5852,9,611114
2025-07-22,2198,3,2,10.1,3.27,0,5821,10,696475
2025-07-23,1688,3,2,32.6,8.14,0,5258,7,415958
2025-07-23,1919,3,2,9.5,4.11,0,4597,9,513462
2025-07-23,1560,3,3,75.3,0.33,0,4566,10,411485
2025-07-25,2248,3,3,15.5,4.06,0,7917,10,654510
2025-07-26,1296,2,2,45.4,4.31,0,3521,10,337344
2025-07-27,2410,3,3,8.0,4.36,0,6155,8,682284
2025-07-27,1582,2,1,65.0,10.58,1,3643,8,251591
2025-07-27,956,2,1,25.3,9.4,0,1125,8,276621
2025-07-28,1658,3,2,15.1,5.29,0,2314,8,554866
2025-07-28,1294,1,1,19.6,17.95,0,2062,7,247870
2025-07-29,1978,3,2,13.1,3.26,0,5117,8,529224
2025-07-29,1306,2,1,21.0,4.53,0,3572,8,375092
2025-07-30,1399,2,1,8.4,4.91,0,3499,10,534110
2025-07-30,750,1,1,15.6,1.27,0,1638,10,311485
2025-07-30,1396,3,2,44.8,4.99,1,3072,9,400452
2025-07-31,509,1,1,29.3,1.02,0,2446,10,199261
2025-07-31,887,1,1,10.4,2.84,0,2093,10,345529
2025-08-01,1942,3,3,21.5,5.47,0,5776,8,514312
2025-08-01,1954,2,2,56.0,1.49,1,5981,9,525708
2025-08-01,1791,2,1,17.1,6.39,0,5145,9,422641
2025-08-03,1165,1,1,9.4,2.46,0,2796,8,388857
2025-08-03,1579,3,3,37.1,3.71,0,4499,8,445865
2025-08-03,1598,3,2,2.1,7.22,0,3507,9,497503
2025-08-04,1079,2,1,20.0,4.69,0,3592,10,317690
2025-08-04,2277,4,3,59.3,6.28,1,4354,10,625492
2025-08-05,1995,3,2,21.0,6.9,1,4499,9,559337
2025-08-07,1501,2,1,47.9,4.63,1,2209,8,468577
2025-08-08,1612,3,2,9.3,6.55,0,4193,9,545424
2025-08-08,1694,3,3,20.4,2.8,1,5272,10,497014
2025-08-09,681,1,1,18.9,7.16,0,1005,9,222772
2025-08-11,1489,3,2,35.7,4.16,0,3196,10,459304
2025-08-11,1293,2,2,26.3,11.93,0,3656,6,310108
2025-08-11,1149,2,1,64.6,5.55,1,3720,8,306574
2025-08-12,1474,3,2,16.3,3.16,0,3458,10,512500
2025-08-12,2409,3,3,26.1,7.25,0,5360,7,626823
2025-08-12,1888,2,1,19.5,12.28,0,4412,7,491680
2025-08-13,1343,2,1,24.7,3.4,0,2965,8,276681
2025-08-13,1858,2,1,23.0,2.94,0,6085,8,549357
